,Real_Mean,Synthetic_Mean,Real_Std,Synthetic_Std
Employment_Tenure_Months,83.34905660377359,83.4747,60.83843435148232,4.552652
Net_Salary_Per_Cutoff,38377.35849056604,38524.363,21632.1862621369,1721.2664
Years_at_Current_Address,3.612264150943396,3.562932,2.323449932041275,0.16324928
Number_of_Dependents,2.7169811320754715,2.7106938,1.6776100743454578,0.13390468
Comaker_Emp_Tenure,100.16037735849056,-0.026177576,66.56713571989921,0.10558256
Comaker_Net_Salary,37122.64150943396,0.9999717,20393.60442706005,2.7099906e-05
Is_Renewing_Client,0.0,0.03768049,0.0,0.06149711
Default,0.330188679245283,0.058577437,0.4725150159006296,0.08179029
